{"cameraMode":{"drawMode":0,"name":"Shaded","section":"Shading Mode"},"sceneLighting":true,"audioPlay":false,"sceneViewState":{"showFog":true,"showMaterialUpdate":false,"showSkybox":true,"showFlares":true,"showImageEffects":true,"showParticleSystems":true},"in2DMode":false,"pivot":{"x":162.10153198242188,"y":142.34288024902345,"z":57.49412536621094},"rotation":{"x":0.1182226911187172,"y":-0.0014894825872033835,"z":0.00017733419372234493,"w":0.9929856657981873},"size":523.3540649414063,"orthographic":false}