{"cameraMode":{"drawMode":0,"name":"Shaded","section":"Shading Mode"},"sceneLighting":true,"audioPlay":false,"sceneViewState":{"showFog":true,"showMaterialUpdate":false,"showSkybox":true,"showFlares":true,"showImageEffects":true,"showParticleSystems":true},"in2DMode":false,"pivot":{"x":-0.29843080043792727,"y":13.420953750610352,"z":16.056669235229493},"rotation":{"x":0.501214861869812,"y":8.060154499389682e-8,"z":1.6218442056015193e-7,"w":0.8653281331062317},"size":5.682892322540283,"orthographic":false}