{"cameraMode":{"drawMode":0,"name":"Shaded","section":"Shading Mode"},"sceneLighting":true,"audioPlay":false,"sceneViewState":{"showFog":true,"showMaterialUpdate":false,"showSkybox":true,"showFlares":true,"showImageEffects":true,"showParticleSystems":true},"in2DMode":false,"pivot":{"x":27.27610969543457,"y":-9.236368179321289,"z":33.09705352783203},"rotation":{"x":0.3415089249610901,"y":0.019734840840101243,"z":-0.007173557300120592,"w":0.9396496415138245},"size":71.20753479003906,"orthographic":false}